	doubletBarcode	singlet1Barcode	singlet2Barcode	singlet1MajorType	singlet2MajorType	doubletType
0	ATAAGCGCTTGCCGTTACCCGCGTGGATCCCT	TCCGCGAAGTAGAGGACCTAGAGTGTACTGAC	TAATGCGCAAGCAACGATTCGTTGCCTATCCT	PVGA	ASC	heterotypic
1	AGACATCCAGATTGCATGATAACGTGCGGTTC	AGCGATAGGCTCATGAGCGTAAGATATAGCCT	CTGAAGCTGCTCATGACGTCTAATTAATCTTA	PVGA	CTGL	heterotypic
2	AAGCGTTATCGCTATAATCGAAACCCTCTCGG	AGCGATAGTCTATCCGAAGAGATGAGGCGAAG	ATTACTCGTATGCCATATAGCCTTAGGCGAAG	ITL6GL	PTGL	heterotypic
3	AGATGGGGATGCTGTGTTGGACGCACCAACGT	TAATGCGCGTCATGAATCCGGTAACCTATCCT	CTGAAGCTTTCCATCCAAGAGATGAGGCGAAG	OGC	ITL6GL	heterotypic
4	GGCTAGATTCTGAGACTCAAGTCGACGAACTC	TAATGCGCCTCTGGTATTATGCGATAATCTTA	AGCGATAGGCGTAGTATTCTAGCTGTACTGAC	OGC	CTGL	heterotypic
5	TTCATCTCTGCCAGATGGCCGTGATGTCGAGG	TCCGCGAATCGACGTCTCGACTAGTATAGCCT	AGCGATAGGTAGAGGAACTGCATACAGGACGT	SSTGA	CTGL	heterotypic
6	AACCTAGTTTCAGTTTTTATCGAGGTTTACGG	CTGAAGCTTAAGGCGAAAGGAGTACAGGACGT	CTGAAGCTTGCCAATTAGGATAACATAGAGGC	ITL5GL	ITL6GL	heterotypic
7	ACATAGTAGCCTAAAAGAGAGTGAGTGTTTTT	TAATGCGCTAGGCATGGTAAGGAGCAGGACGT	AGCGATAGGCGTAGTATTCTAGCTCCTATCCT	ITL23GL	ITL5GL	heterotypic
8	ATATTATGTCATCGTGTAACCGTCTCGGATAA	ATTACTCGGAACGGTATGCCTTACATAGAGGC	CGGCTATGAAGAGGCATATCCTCTTAATCTTA	PVGA	ITL6GL	heterotypic
9	GTTTTTCAGCCCTCAGGTATGGCAACTGCGTG	GAGATTCCCTTCAATGATTCGTTGCCTATCCT	TCCGCGAAGAACGGTAGGATACTATAATCTTA	ITL5GL	CTGL	heterotypic
10	TGGTTGGAATGAAAGTCTTACGTTATATCCAG	TCCGCGAAGCCTCAATTAAGATCCCAGGACGT	CTGAAGCTTCCTGAGCTCGACTAGTATAGCCT	MGL	CTGL	heterotypic
11	TTGACGCAAGATTATTGTAAAGGGTTACACCC	CGGCTATGCGTATAGATTGGAAGTTAATCTTA	TCCGCGAATTAGCCTCAGGATAACCAGGACGT	ITL23GL	ITL6GL	heterotypic
12	TTGCCCCTATAAAAACTGTCATACCGAACTTC	AGCGATAGGCTCATGACTCTCTATCAGGACGT	ATTACTCGCTAATGCTTTACGACCCCTATCCT	ITL4GL	CTGL	heterotypic
13	CGCACATGGAGGAGACCTGAGTAAAGATACAG	CGCTCATTAGGCAGAATTCTAGCTATAGAGGC	TCTCGCGCACGAATCTATAGCCTTCAGGACGT	CTGL	ITL4GL	heterotypic
14	GCGTCCGATGTAACTTCGTTGATCTCTCGAGG	CTGAAGCTGCGTAGTACGTCTAATCAGGACGT	TAATGCGCGTCATGAATTACGACCGTACTGAC	OGC	OGC	homotypic
15	CCCAGAGATATCAACGTGTTCACTTGCTGTAA	TAATGCGCTACGCTGCATCTGAGTCAGGACGT	TCTCGCGCGCTCATGAAAGGCTATGTACTGAC	ITL6GL	ITL5GL	heterotypic
16	CGGCTCACCTGAATACTACGAGAACCTATTAC	TCCGCGAATAGCGCTCCGTCTAATGTACTGAC	GAGATTCCGTCTACCAGGTTAGACGGCTCTGA	ITL23GL	OPC	heterotypic
17	GCCGCTGCGACTGCACAAGTACCGAGCTCTCG	CTGAAGCTCCTAAGACATCTGAGTTAATCTTA	TCCGCGAACGATCAGTCGTCTAATTAATCTTA	ITL23GL	ITL23GL	homotypic
18	GCAAGCCAGAGCGGTGTACGGACGGAGAGGGG	CGCTCATTTAGGCATGTATCCTCTGGCTCTGA	TCCGGAGAGTCATGAAAGGATAACCAGGACGT	CTGL	OGC	heterotypic
19	AGGTACGTTTATAAAGCAGACCTCGATGCTGA	CTGAAGCTGCAACCTACGAATTCCGGCTCTGA	ATTCAGAACTCTCTACCTAAGCCTCAGGACGT	OGC	ITL6GL	heterotypic
20	ATTCCGAGGCGCGCCAAATGGCGCGTAGCTTT	TAATGCGCACGAATCTTTCATCCAGGCTCTGA	ATTCAGAACTTCAATGTGCCTTACGGCTCTGA	ITL6GL	OGC	heterotypic
21	GAGACCTGTCTATAGCTGCAGTATAGGGGCCG	GAGATTCCACGAATCTAAGAGATGTAATCTTA	GAATTCGTATGCGCAGTATCCTCTCAGGACGT	MGL	PTGL	heterotypic
22	AACGGGCTGTTGTATGTCTGAATGTGACGATA	CTGAAGCTGTCTACCAATAGCCTTGTACTGAC	TCCGCGAAGTCTACCATGCCTTACTAATCTTA	VPIA	MGL	heterotypic
23	GCAACGGCTTCTTCATAAACAGTCTTGCACTG	CTGAAGCTCTAATGCTGAAGTATGCCTATCCT	TAATGCGCTCTATCCGGGTTAGACGTACTGAC	OGC	ITL5GL	heterotypic
24	TGGGAAGCAGGAACGTGCAGTCGTTTGCCCCT	GAATTCGTCGTACTAGTCGACTAGCAGGACGT	TCCGCGAAGCCTCAATGGTTAGACAGGCGAAG	SSTGA	ITL23GL	heterotypic
25	AGTGAGTGATTACCCCCATCAGGCGTGTGAAC	CGGCTATGGTCATGAATCCGGTAAGTACTGAC	CGGCTATGCAGAACTGTAAGATCCGTACTGAC	ITL5GL	ITL6GL	heterotypic
26	AGTGTTCGATTAAAATACATGCATCCCTCCAT	GAATTCGTTATGGTCGTGCCTTACGTACTGAC	CGGCTATGGTCATGAAAACGAACGCCTATCCT	ITL6GL	ITL5GL	heterotypic
27	TACCGGGAGGGCAAGCGCCGCTTCGAGGAAAT	GAGATTCCATGCGCAGTCGACTAGTAATCTTA	ATTACTCGACGAATCTCGAATTCCGGCTCTGA	ITL4GL	ITL23GL	heterotypic
28	AGTCTTAAAGCTGTGTTGAATCGTAGTGTTTA	TCCGCGAAATAAGTCGTGCCTTACCAGGACGT	TAATGCGCCGAGGCTGACTGCATATAATCTTA	MGL	SSTGA	heterotypic
29	CATTGGGACCTTTAAGGGTTAAGATATACTCT	CGGCTATGTACTGCCTATTCGTTGGTACTGAC	ATTCAGAACGATCAGTGAGCCTTACAGGACGT	OGC	ITL23GL	heterotypic
30	AGCTGGAATGGATGAGGCCACGCCCTCAAGAC	ATTCAGAACAAGTTCATAAGATCCCAGGACGT	TAATGCGCTACTGCCTATTCGTTGTAATCTTA	OGC	ITL4GL	heterotypic
31	ATCTAGGCTAATCCAATACTAAGCGCGTGCGC	CGGCTATGTAGCGCTCCTCTCTATCAGGACGT	AGCGATAGTGCCAATTGGATACTACAGGACGT	ASC	ASC	homotypic
32	TGTTATATGTGCCGGAAGCAAACAACAATCCG	TCCGCGAACCTAAGACAAGGCTATCAGGACGT	AGCGATAGATAAGTCGTCCGGTAACAGGACGT	CTGL	ASC	heterotypic
33	CGCTTCCAAGTTGCTAGTTAGGATCTAATTAT	ATTCAGAAGCCTCAATAATGACGTTATAGCCT	TCTCGCGCCAAGTTCATTACGACCGTACTGAC	ITL23GL	OGC	heterotypic
34	CTTTAACACGTATGACTAGTAGTACTTACGTT	TCCGCGAAACGTTCGATGCCTTACGTACTGAC	CGCTCATTCGTACTAGCCTAGAGTCCTATCCT	CTGL	ITL6GL	heterotypic
35	CAGTAGCTGCGGTACGCTCGTTGGTTAAGTAA	GAGATTCCCTCTCTACAAGGAGTAGTACTGAC	ATTCAGAACGAGGCTGACTGCATACAGGACGT	LAMGA	ITL5GL	heterotypic
36	AAGCTATATTCGAGTCGAGGGAAATGCGTAAG	ATTCAGAAGTCATGAAGGTTAGACTAATCTTA	CGGCTATGACTCGCTATTATGCGAAGGCGAAG	ITL5GL	ITL6GL	heterotypic
37	GACCATTAGGAAGCGTACTTTGCCCCGACTTT	AGCGATAGAACCAGGTAAGAGATGATAGAGGC	ATTCAGAATAAGGCGATTCTAGCTCAGGACGT	CTGL	MGL	heterotypic
38	CTCCTATAGCTCTTACGAAGTCTCCCAGCTCG	TCCGCGAAGCTCATGATTCTAGCTTATAGCCT	TCCGCGAATTCCATCCGGATACTAGTACTGAC	ITL5GL	SSTGA	heterotypic
39	CCGATAAGCTGTCATTAGCCTTTCTGGTACTG	CGGCTATGCAAGTTCAGAAGTATGAGGCGAAG	GAGATTCCGAACGGTATAAGATCCCCTATCCT	ITL5GL	SSTGA	heterotypic
40	TCTTACGGGTTGTCAAAACGCATCCTTATATA	AGCGATAGTGCCAATTAATGACGTTAATCTTA	TAATGCGCAAGCAACGATTCGTTGCAGGACGT	OPC	NPGL	heterotypic
41	AAAACCACGCTAGTCAGGCGGAATGCCCATAT	ATTCAGAATGCAGCTACTCTCTATTATAGCCT	CGGCTATGCAAGTTCAAAGAGATGGGCTCTGA	OGC	ITL6GL	heterotypic
42	TGGGCATTCGTGCAAGCGCCTCGAAGAGCGGA	TCCGCGAACGTATAGATTCATCCACCTATCCT	TCCGCGAATTCCATCCCGAATTCCGTACTGAC	ITL23GL	ITL23GL	homotypic
43	ACTGTAAACTGTTGCTCGACCTCAGCTATAGA	AGCGATAGGCTCATGATCGACTAGGTACTGAC	CGCTCATTTACTGCCTATAGCCTTATAGAGGC	CTGL	ITL23GL	heterotypic
44	GGCGACTTATGATGCGTGGAGGAGGCGAATTG	GAGATTCCTTAGCCTCTGCCTTACGTACTGAC	CGCTCATTGTCATGAAGAAGTATGTAATCTTA	OGC	CTGL	heterotypic
45	TAGGCGCAAGGCGCCCGACGACATGTAAGACA	CGGCTATGCGCTTGATTGCCTTACCCTATCCT	TCCGGAGATTCCATCCTAAGATCCATAGAGGC	PVGA	OPC	heterotypic
46	GCATCGTCGATTGATGCATGTCCTCCAGAATC	CGCTCATTATAAGTCGAACGAACGCCTATCCT	TCCGGAGAAACCAGGTATTCGTTGTATAGCCT	ASC	CTGL	heterotypic
47	TGGTTAATTTGACGTAGTATGAACAATAGCTT	TAATGCGCCTTCAATGAGGATAACCAGGACGT	GAGATTCCTAGCGCTCATCTGAGTTAATCTTA	OGC	ITL5GL	heterotypic
48	TCCCGTCGAGGAGTAAGATCAGGTCCTAGTTA	CGCTCATTAACCAGGTAACGAACGGGCTCTGA	AGCGATAGGCCTCAATTCCGGTAATAATCTTA	ITL23GL	ASC	heterotypic
49	CAGAGTTATTCGGATTGCAAGGGCTCAGCCGG	AGCGATAGTGCAGCTACTCTCTATCAGGACGT	CTGAAGCTAGGCAGAAACTGCATAGTACTGAC	OGC	ITL6GL	heterotypic
50	GCTAACGCTATCTTAGGCCAAATTCGCCTCCA	TCCGCGAATCTATCCGATAGCCTTCCTATCCT	TCTCGCGCCTTCAATGAGGATAACCAGGACGT	ITL23GL	ITL23GL	homotypic
51	CGTGACGGCCCAAGATCGTAACGGATTCAACT	TAATGCGCACGTTCGATGCCTTACGGCTCTGA	TAATGCGCCGTATAGAAACGAACGGGCTCTGA	OPC	SSTGA	heterotypic
52	CCGCATTATCCCCCGACTTATCAGCAGCCGCA	GAGATTCCATGCGCAGATCTGAGTTAATCTTA	GAATTCGTTCTATCCGTAAGATCCGTACTGAC	PTGL	OGC	heterotypic
53	TCATAATATCATAACATCAGGAAATGGCTAAC	AGCGATAGGAACGGTATTCATCCATATAGCCT	CTGAAGCTTGCAGCTAACTGCATACCTATCCT	CTGL	VLMC	heterotypic
54	GAGTTTGTTAGATGGAACCAGCCGCCAAACAC	TCCGCGAATCTATCCGAAGAGATGTATAGCCT	TCCGCGAAGCGTAGTAAAGGCTATCAGGACGT	ITL23GL	MGL	heterotypic
55	CTACGGCTACCGGCGCGCTCCAGCAGCGCGAC	CTGAAGCTGGACTCCTGCGTAAGACCTATCCT	TCTCGCGCTCTATCCGAGGATAACCAGGACGT	ASC	CTGL	heterotypic
56	TCGATGACCAAGAGCCAAATATCCGTATGCAG	TCTCGCGCCTCTCTACCTCTCTATCCTATCCT	ATTCAGAACGAGGCTGAAGGAGTACAGGACGT	ITL6GL	OGC	heterotypic
57	CATAGCGCGTTCTTTCAGTTACTATAAATCAT	GAGATTCCAACCAGGTCGAATTCCCCTATCCT	CGGCTATGTCTATCCGCGAATTCCAGGCGAAG	ASC	ITL6GL	heterotypic
58	GAGCTAAAAGTAGGGGTCTATTAAAGTTATTG	TCTCGCGCATAAGTCGTAAGATCCCAGGACGT	CGCTCATTGCAACCTATTGGAAGTCCTATCCT	OPC	OGC	heterotypic
59	CACTGGCCCTTTGGACAGAGTGAGCAAATATA	TCCGGAGATACTGCCTGGATACTAATAGAGGC	AGCGATAGTCTATCCGATTCGTTGTATAGCCT	CTGL	OPC	heterotypic
60	CAACTTAGTCGTTCCTCCTGACGGTCTCTATC	GAGATTCCTTCCATCCTAAGATCCCAGGACGT	CGGCTATGGCAACCTACGAATTCCGTACTGAC	PVGA	PVGA	homotypic
61	GTGAGCTCACGACCACCCGTTTGCGCGGTGGC	CTGAAGCTGTAGAGGAGTAAGGAGTATAGCCT	TCTCGCGCTATGCCATATTCGTTGCAGGACGT	VLMC	MGL	heterotypic
62	CAAGGCAAAGCAAGACTATCGGAATACGTCTC	GAGATTCCACTGAGCGATCTGAGTCCTATCCT	ATTCAGAAGTCTACCATTACGACCATAGAGGC	OGC	ITL6GL	heterotypic
63	AGCCACCTGCAGATGATTAGGTTTATTCGATC	AGCGATAGTGCAGCTAGTAAGGAGTAATCTTA	ATTACTCGGGACTCCTCTCTCTATCAGGACGT	ITL23GL	CTGL	heterotypic
64	CTTACAACCGCATAATTGGGATTATAGAGCAG	TCCGCGAAGTCATGAAGGTTAGACCAGGACGT	AGCGATAGCCTAAGACTCGACTAGCAGGACGT	CTGL	MGL	heterotypic
65	ATGTGTTGCCTCTGGGCTGGCATGATATGCTG	CGGCTATGACTCGCTAATCTGAGTCAGGACGT	AGCGATAGCTAATGCTTTACGACCATAGAGGC	OGC	OPC	heterotypic
66	CTGGTATGTAAGTCTATCCTGCCCCATCTCCC	ATTCAGAAGTAGAGGAGAGCCTTACCTATCCT	CGGCTATGATGCGCAGGTAAGGAGGTACTGAC	OGC	ITL23GL	heterotypic
67	TACTGCCTAAGAGCCGCTAGGTCGGCCAATTT	TCCGCGAAACTCGCTACCTAGAGTCAGGACGT	TCCGCGAATAAGGCGAAAGGAGTATATAGCCT	ITL23GL	CTGL	heterotypic
68	ACCGAATTCACGCATAAAATCCGACTTGTGAC	AGCGATAGTCTATCCGGGATACTACCTATCCT	TCCGGAGACGTATAGACGAATTCCATAGAGGC	ITL23GL	ITL23GL	homotypic
69	TGTTGAAGGGACATCCTCTCGTGATTGCAGGG	TAATGCGCAAGAGGCATCGACTAGCAGGACGT	ATTCAGAAACTCGCTAACTGCATATAATCTTA	ITL23GL	ITL23GL	homotypic
70	ATTTGATATCATATGAATCACGAGAGCCAATG	CGGCTATGGTCATGAAGGATACTATATAGCCT	AGCGATAGGCAACCTAATTCGTTGGTACTGAC	OGC	OPC	heterotypic
71	AGACCTCGACTTGACCCCAGGCTAATACTTTA	AGCGATAGCTAATGCTATAGCCTTGTACTGAC	AGCGATAGTCTATCCGTTACGACCCCTATCCT	CTGL	PVGA	heterotypic
72	TAAGAAACAGAGAAGCACTCCTACTGGAAGGA	TCCGCGAATTCCATCCTGCCTTACCAGGACGT	TAATGCGCCGTATAGAAACGAACGAGGCGAAG	OGC	ITL5GL	heterotypic
73	CCTATTGATGCGAGCGGCATGTATTCTCGTAC	CTGAAGCTCGCTTGATGGATACTATAATCTTA	TCCGCGAATTCCATCCCGAATTCCTAATCTTA	MGL	ITL23GL	heterotypic
74	AACGAGGGCATTAATTTACTTGAACAGCGCTC	CGGCTATGGCTCATGAACTGCATATAATCTTA	TAATGCGCTAGCGCTCAAGGCTATCAGGACGT	ITL5GL	ITL23GL	heterotypic
75	TTAGTTCTATGCACCAGCTGAGCCGTTGCTGG	GAATTCGTTTAGCCTCTGCCTTACGTACTGAC	GAGATTCCCGAGGCTGCTAAGCCTGGCTCTGA	ITL23GL	ITL23GL	homotypic
76	TTGCGTCAGTGCGGCAAAATGAGTCTTACTTA	ATTCAGAACTAATGCTAAGAGATGCAGGACGT	CGGCTATGCGCTTGATCGAATTCCTATAGCCT	ITL6GL	OPC	heterotypic
77	TGCCGAACCCCTACATTCACATCGCATTGTCG	AGCGATAGGAACGGTATGCCTTACATAGAGGC	GAGATTCCGTCATGAATCCGGTAACAGGACGT	VIPGA	OGC	heterotypic
78	GAGATTTAAAGCGTTCGGGTAACTCTGCCAGC	AGCGATAGCGTATAGACGAATTCCCAGGACGT	GAATTCGTCTAATGCTAGGATAACGTACTGAC	CTGL	CTGL	homotypic
79	AATTCGAATAATTCACCCCAAGACTGGAATCT	CGCTCATTGCAACCTAAACGAACGGTACTGAC	CTGAAGCTGCAACCTATGCCTTACGGCTCTGA	PTGL	OPC	heterotypic
80	TTTAGCCGTGTAAGGCCGTGAAAATTACGTCC	TCCGCGAAGAACGGTACGAATTCCTAATCTTA	CGGCTATGCAAGTTCAAGGATAACATAGAGGC	ASC	ITL23GL	heterotypic
81	CTTACATGTGGTAAGTATATTACGCCGTGTAT	TCCGCGAATACTGCCTGAAGTATGAGGCGAAG	TAATGCGCCGATCAGTTTATGCGAGTACTGAC	ITL23GL	VPIA	heterotypic
82	CTGCCATCATCTGACTGAAGCATTACGGGCGG	ATTCAGAATTCCATCCATAGCCTTTAATCTTA	CGGCTATGGCAACCTATTCATCCACAGGACGT	OPC	CTGL	heterotypic
83	TTGCTAGCATTGGGCGAGCCGCTCAATCGCTC	TAATGCGCCGATCAGTCCTAGAGTTAATCTTA	CGGCTATGCAAGTTCAAATGACGTCCTATCCT	ITL5GL	PTGL	heterotypic
84	TCGCGAATAAGATTTAACCAACCTCGCCCCTG	TCTCGCGCTAGCGCTCCTAAGCCTGTACTGAC	TAATGCGCACTCGCTAGCGTAAGACCTATCCT	ITL6GL	PVGA	heterotypic
85	ATGTTTCTTGTAGCATGGCTAAACTGTACCGT	CTGAAGCTGGACTCCTTCTCTCCGCAGGACGT	CGCTCATTTTCCATCCTGCCTTACCAGGACGT	OPC	CTGL	heterotypic
86	AAAGCGTATCGCAGTCATCTAAGATCCAACCG	CGCTCATTTTCCATCCGGATACTAGTACTGAC	TCCGGAGACAGAACTGAATGACGTATAGAGGC	ITL4GL	ITL6GL	heterotypic
87	ACTTACACGGCCAGTGATTGAGCAACCCCGGG	ATTCAGAATAAGGCGACTCTCTATCAGGACGT	TCCGCGAATACGCTGCTCGACTAGCAGGACGT	NPGL	ITL5GL	heterotypic
88	GAGACTGTAGCCTCTACTCACAACGTGGGTAG	GAGATTCCACTGAGCGCCTAGAGTCAGGACGT	ATTCAGAAACGTTCGAATTCGTTGATAGAGGC	ITL23GL	CTGL	heterotypic
89	AAGTACAAGCCCCCTTGTCCCCCTACCCGTGT	ATTCAGAACTAATGCTAGGATAACATAGAGGC	AGCGATAGGAATTACGTTGGAAGTCAGGACGT	ITL6GL	MGL	heterotypic
90	GCACTGGGAGGAAAGCACGGATTTGCGTACAC	CTGAAGCTACGTTCGAGAAGTATGCCTATCCT	TAATGCGCCAAGTTCATTGGAAGTGTACTGAC	ASC	OGC	heterotypic
91	AGCAAATGGTCCGACAACCCCAAGTCCGTACG	ATTCAGAATCTATCCGAACGAACGGTACTGAC	ATTCAGAAGTCTACCATGCCTTACCCTATCCT	ASC	CTGL	heterotypic
92	TGAGGGGATCGCGTTCCGCGTTGGTATCACTC	GAATTCGTGCAACCTATTGGAAGTCCTATCCT	ATTCAGAACGAGGCTGTCTCTCCGTAATCTTA	ITL23GL	CTGL	heterotypic
93	TCAAGTATCGGTTACTCCAACGAGCTTTCCGG	CTGAAGCTACGTTCGATTCATCCAATAGAGGC	GAGATTCCAACCAGGTTAAGATCCCAGGACGT	VLMC	OPC	heterotypic
94	ACATCGATCGCTTCTAATCTCGACTGTTTCCT	CTGAAGCTCGTATAGAAAGAGATGCAGGACGT	GAGATTCCCGCTTGATGGATACTAGTACTGAC	ITL4GL	CTGL	heterotypic
95	TATTCCGCTAGCGTCGAAAACGACTGTTCACA	AGCGATAGTAGGCATGCCTAGAGTGTACTGAC	TAATGCGCGAACGGTACGAATTCCTATAGCCT	ITL23GL	VIPGA	heterotypic
96	TGCTAAGGCTAATTAGATTTCGTCTACGCCCC	TCCGCGAACGTATAGAAATGACGTATAGAGGC	TCCGCGAAGCTCATGACCTAGAGTGGCTCTGA	SSTGA	ITL6GL	heterotypic
97	GACTGCTCCTTAGGGTAAACCTCGTGAACAGC	TCCGGAGAGCTCATGATTATGCGAGTACTGAC	AGCGATAGTATGGTCGATAGCCTTCCTATCCT	PVGA	ITL5GL	heterotypic
98	CTTTGCCCAAACGTGCGGCTGGTAGTGCCCAG	ATTACTCGGGAGCTACATCTGAGTCAGGACGT	CGCTCATTGTAGAGGAACTGCATACAGGACGT	ITL23GL	ITL6GL	heterotypic
